{"0": [0.3280271173661578, 0.3278321957771178, 0.36148107098524296, 0.297413619207534, 0.3197295109406257], "1": [0.44393671440509525, 0.43650474552571034, 0.4669567003451981, 0.4222712592441463, 0.4543085901150981], "2": [0.48880566629795225, 0.506808294591943, 0.5433948405175941, 0.5138217012292509, 0.5320849577395624], "3": [0.5312198861093268, 0.5399590911905467, 0.5675527499914162, 0.5481601367125947, 0.534584428287413], "4": [0.554627496781939, 0.547107380349184, 0.5771179037477652, 0.5717223614152432, 0.5275502385208206]}