{"0": [0.257305729622416, 0.30443656463536134, 0.24206319411513916, 0.2661736748942037, 0.28019669086973015], "1": [0.38844042515988253, 0.3584033510812542, 0.2867335526476549, 0.3183471081313486, 0.36336353798134685], "2": [0.5169419442350445, 0.4717870702687908, 0.4518375629658914, 0.44025296197883357, 0.4862573103027133], "3": [0.5776195075357606, 0.5446289148389367, 0.5459210223220705, 0.5071103522790343, 0.5326145123819467], "4": [0.5795231588214909, 0.5231913648842981, 0.5585525102354147, 0.5307100662741425, 0.5440776165695717]}